Grapheme	anterior	approximant	back	click	cons	constricted	continuant	coronal	distributed	dorsal	front	high	labial	laryngeal	lateral	long	low	nasal	pharyngeal	place	preaspirated	preglottalized	prenasal	round	sibilant	sonorant	spread	strident	syllabic	tense	voice
a	-	+	0	0	-	0	+	0	0	+	+	0	0	+	0	0	+	0	0	+	0	0	0	0	0	+	0	0	+	+	+
aː	-	+	0	0	-	0	+	0	0	+	+	0	0	+	0	+	+	0	0	+	0	0	0	0	0	+	0	0	+	+	+
a˞	+	+	0	0	-	0	+	0	0	+	+	0	0	+	0	0	+	0	0	+	0	0	0	0	0	+	0	0	+	+	+
ã	-	+	0	0	-	0	+	0	0	+	+	0	0	+	0	0	+	+	0	+	0	0	0	0	0	+	0	0	+	+	+
ãː	-	+	0	0	-	0	+	0	0	+	+	0	0	+	0	+	+	+	0	+	0	0	0	0	0	+	0	0	+	+	+
ă	-	+	0	0	-	0	+	0	0	+	+	0	0	+	0	-	+	0	0	+	0	0	0	0	0	+	0	0	+	+	+
ḁ	-	+	0	0	-	0	+	0	0	+	+	0	0	+	0	0	+	0	0	+	0	0	0	0	0	+	0	0	+	+	-
a̯	-	+	0	0	-	0	+	0	0	+	+	0	0	+	0	0	+	0	0	+	0	0	0	0	0	+	0	0	-	+	+
b	0	0	0	0	+	0	-	0	0	0	0	0	+	+	0	0	0	0	0	+	0	0	0	-	0	-	0	0	0	0	+
bv	+	-	0	0	+	0	-	+	+	0	0	0	+	+	0	0	0	0	0	+	0	0	0	-	0	-	0	+	0	0	+
bʰ	0	0	0	0	+	0	-	0	0	0	0	0	+	+	0	0	0	0	0	+	0	0	0	-	0	-	+	0	0	0	+
bʰː	0	0	0	0	+	0	-	0	0	0	0	0	+	+	0	+	0	0	0	+	0	0	0	-	0	-	+	0	0	0	+
bʱ	0	0	0	0	+	0	-	0	0	0	0	0	+	+	0	0	0	0	0	+	0	0	0	-	0	-	+	0	0	0	+
bʱː	0	0	0	0	+	0	-	0	0	0	0	0	+	+	0	+	0	0	0	+	0	0	0	-	0	-	+	0	0	0	+
bʲ	-	0	0	0	+	0	-	+	+	0	0	0	+	+	0	0	0	0	0	+	0	0	0	-	0	-	0	0	0	0	+
bʷ	0	0	0	0	+	0	-	0	0	0	0	0	+	+	0	0	0	0	0	+	0	0	0	+	0	-	0	0	0	0	+
bʷː	0	0	0	0	+	0	-	0	0	0	0	0	+	+	0	+	0	0	0	+	0	0	0	+	0	-	0	0	0	0	+
bː	0	0	0	0	+	0	-	0	0	0	0	0	+	+	0	+	0	0	0	+	0	0	0	-	0	-	0	0	0	0	+
bˠ	0	0	+	0	+	0	-	0	0	+	0	+	+	+	0	0	-	0	0	+	0	0	0	-	0	-	0	0	0	0	+
bˤː	0	0	0	0	+	0	-	0	0	0	0	0	+	+	0	+	0	0	+	+	0	0	0	-	0	-	0	0	0	0	+
b̥	0	0	0	0	+	0	-	0	0	0	0	0	+	+	0	0	0	0	0	+	0	0	0	-	0	-	0	0	0	0	-
b̥ʰ	0	0	0	0	+	0	-	0	0	0	0	0	+	+	0	0	0	0	0	+	0	0	0	-	0	-	+	0	0	0	-
b̪	+	0	0	0	+	0	-	+	+	0	0	0	+	+	0	0	0	0	0	+	0	0	0	-	0	-	0	0	0	0	+
bβ	0	-	0	0	+	0	-	0	0	0	0	0	+	+	0	0	0	0	0	+	0	0	0	-	0	-	0	+	0	0	+
bⁿ	0	0	0	0	+	0	-	0	0	0	0	0	+	+	0	0	0	+	0	+	0	0	0	-	0	-	0	0	0	0	+
c	-	-	0	0	+	0	-	+	+	0	0	0	0	+	0	0	0	0	0	+	0	0	0	0	0	-	0	-	0	0	-
cç	-	-	0	0	+	0	-	+	+	0	0	0	0	0	0	0	0	0	0	+	0	0	0	0	0	-	0	+	0	0	0
cçʰ	-	-	0	0	+	0	-	+	+	0	0	0	0	0	0	0	0	0	0	+	0	0	0	0	0	-	+	+	0	0	0
cʰ	-	-	0	0	+	0	-	+	+	0	0	0	0	+	0	0	0	0	0	+	0	0	0	0	0	-	+	-	0	0	-
cʼ	-	0	0	0	+	+	-	+	+	0	0	0	0	0	0	0	0	0	0	+	0	0	0	0	0	-	0	0	0	0	0
cː	-	0	0	0	+	0	-	+	+	0	0	0	0	0	0	+	0	0	0	+	0	0	0	0	0	-	0	0	0	0	0
ç	-	-	0	0	+	0	+	+	+	0	0	0	0	+	0	0	0	0	0	+	0	0	0	0	0	-	0	-	0	0	-
d	+	0	0	0	+	0	-	+	-	0	0	0	0	+	0	0	0	0	0	+	0	0	0	0	0	-	0	0	0	0	+
dz	+	-	0	0	+	0	-	+	-	0	0	0	0	+	0	0	0	0	0	+	0	0	0	0	+	-	0	+	0	0	+
dzː	+	-	0	0	+	0	-	+	-	0	0	0	0	+	0	+	0	0	0	+	0	0	0	0	+	-	0	+	0	0	+
dz̪	+	-	0	0	+	0	-	+	+	0	0	0	0	+	0	0	0	0	0	+	0	0	0	0	+	-	0	+	0	+	+
dz̪ː	+	-	0	0	+	0	-	+	+	0	0	0	0	+	0	+	0	0	0	+	0	0	0	0	+	-	0	+	0	+	+
dð	+	-	0	0	+	0	-	+	+	0	0	0	0	+	0	0	0	0	0	+	0	0	0	0	0	-	0	+	0	+	+
dɮ	+	-	0	0	+	0	-	+	-	0	0	0	0	+	+	0	0	0	0	+	0	0	0	0	0	-	0	+	0	0	+
dʑ	0	-	-	0	+	0	-	0	0	+	0	+	0	+	0	0	-	0	0	+	0	0	0	0	+	-	0	+	0	+	+
dʑː	0	-	-	0	+	0	-	0	0	+	0	+	0	+	0	+	-	0	0	+	0	0	0	0	+	-	0	+	0	+	+
dʒ	0	-	0	0	+	0	-	0	0	0	0	0	0	+	0	0	0	0	0	0	0	0	0	0	+	-	0	+	0	0	+
dʒʱ	0	-	0	0	+	0	-	0	0	0	0	0	0	+	0	0	0	0	0	0	0	0	0	0	+	-	+	+	0	0	+
dʒʲ	-	-	0	0	+	0	-	+	+	0	0	0	0	+	0	0	0	0	0	0	0	0	0	0	+	-	0	+	0	0	+
dʒʷ	0	-	0	0	+	0	-	0	0	0	0	0	+	+	0	0	0	0	0	0	0	0	0	+	+	-	0	+	0	0	+
dʰ	+	0	0	0	+	0	-	+	-	0	0	0	0	+	0	0	0	0	0	+	0	0	0	0	0	-	+	0	0	0	+
dʰː	+	0	0	0	+	0	-	+	-	0	0	0	0	+	0	+	0	0	0	+	0	0	0	0	0	-	+	0	0	0	+
dʱ	+	0	0	0	+	0	-	+	-	0	0	0	0	+	0	0	0	0	0	+	0	0	0	0	0	-	+	0	0	0	+
dʱː	+	0	0	0	+	0	-	+	-	0	0	0	0	+	0	+	0	0	0	+	0	0	0	0	0	-	+	0	0	0	+
dʲ	-	0	0	0	+	0	-	+	+	0	0	0	0	+	0	0	0	0	0	+	0	0	0	0	0	-	0	0	0	0	+
dː	+	0	0	0	+	0	-	+	-	0	0	0	0	+	0	+	0	0	0	+	0	0	0	0	0	-	0	0	0	0	+
dːʒ	0	-	0	0	+	0	-	0	0	0	0	0	0	+	0	+	0	0	0	0	0	0	0	0	+	-	0	+	0	0	+
dˤ	+	0	0	0	+	0	-	+	-	0	0	0	0	+	0	0	0	0	+	+	0	0	0	0	0	-	0	0	0	0	+
d̠	0	0	0	0	+	0	-	0	0	0	0	0	0	+	0	0	0	0	0	0	0	0	0	0	0	-	0	0	0	0	+
d̥	+	0	0	0	+	0	-	+	-	0	0	0	0	+	0	0	0	0	0	+	0	0	0	0	0	-	0	0	0	0	-
d̥ⁿ	+	0	0	0	+	0	-	+	-	0	0	0	0	+	0	0	0	+	0	+	0	0	0	0	0	-	0	0	0	0	-
d̪	+	0	0	0	+	0	-	+	+	0	0	0	0	+	0	0	0	0	0	+	0	0	0	0	0	-	0	0	0	+	+
d̪ɮ	+	-	0	0	+	0	-	+	+	0	0	0	0	+	+	0	0	0	0	+	0	0	0	0	0	-	0	+	0	+	+
d̪ʱ	+	0	0	0	+	0	-	+	+	0	0	0	0	+	0	0	0	0	0	+	0	0	0	0	0	-	+	0	0	+	+
d̪ʱː	+	0	0	0	+	0	-	+	+	0	0	0	0	+	0	+	0	0	0	+	0	0	0	0	0	-	+	0	0	+	+
d̪ʲ	-	0	0	0	+	0	-	+	+	0	0	0	0	+	0	0	0	0	0	+	0	0	0	0	0	-	0	0	0	+	+
d̪ː	+	0	0	0	+	0	-	+	+	0	0	0	0	+	0	+	0	0	0	+	0	0	0	0	0	-	0	0	0	+	+
d̪ˠ	+	0	+	0	+	0	-	+	+	+	0	+	0	+	0	0	-	0	0	+	0	0	0	0	0	-	0	0	0	+	+
d̪ˤ	+	0	0	0	+	0	-	+	+	0	0	0	0	+	0	0	0	0	+	+	0	0	0	0	0	-	0	0	0	+	+
d̪̥ⁿ	+	0	0	0	+	0	-	+	+	0	0	0	0	+	0	0	0	+	0	+	0	0	0	0	0	-	0	0	0	+	-
d̪ⁿ	+	0	0	0	+	0	-	+	+	0	0	0	0	+	0	0	0	+	0	+	0	0	0	0	0	-	0	0	0	+	+
d̼	+	0	0	0	+	0	-	+	-	0	0	0	+	+	0	0	0	0	0	+	0	0	0	-	0	-	0	0	0	0	+
dⁿ	+	0	0	0	+	0	-	+	-	0	0	0	0	+	0	0	0	+	0	+	0	0	0	0	0	-	0	0	0	0	+
e	-	+	0	0	-	0	+	0	0	+	+	0	0	+	0	0	0	0	0	+	0	0	0	0	0	+	0	0	+	+	+
eː	-	+	0	0	-	0	+	0	0	+	+	0	0	+	0	+	0	0	0	+	0	0	0	0	0	+	0	0	+	+	+
ẽ	-	+	0	0	-	0	+	0	0	+	+	0	0	+	0	0	0	+	0	+	0	0	0	0	0	+	0	0	+	+	+
ẽː	-	+	0	0	-	0	+	0	0	+	+	0	0	+	0	+	0	+	0	+	0	0	0	0	0	+	0	0	+	+	+
ĕ	-	+	0	0	-	0	+	0	0	+	+	0	0	+	0	-	0	0	0	+	0	0	0	0	0	+	0	0	+	+	+
e̤	-	+	0	0	-	0	+	0	0	+	+	0	0	+	0	0	0	0	0	+	0	0	0	0	0	+	+	0	+	+	+
e̥	-	+	0	0	-	0	+	0	0	+	+	0	0	+	0	0	0	0	0	+	0	0	0	0	0	+	0	0	+	+	-
e̯	-	+	0	0	-	0	+	0	0	+	+	0	0	+	0	0	0	0	0	+	0	0	0	0	0	+	0	0	-	+	+
f	+	0	0	0	+	0	+	+	+	0	0	0	+	0	0	0	0	0	0	+	0	0	0	-	0	-	0	0	0	0	0
fʰ	+	0	0	0	+	0	+	+	+	0	0	0	+	0	0	0	0	0	0	+	0	0	0	-	0	-	+	0	0	0	0
fʲ	-	0	0	0	+	0	+	+	+	0	0	0	+	0	0	0	0	0	0	+	0	0	0	-	0	-	0	0	0	0	0
fʷː	+	0	0	0	+	0	+	+	+	0	0	0	+	0	0	+	0	0	0	+	0	0	0	+	0	-	0	0	0	0	0
fʼ	+	0	0	0	+	+	+	+	+	0	0	0	+	0	0	0	0	0	0	+	0	0	0	-	0	-	0	0	0	0	0
fː	+	0	0	0	+	0	+	+	+	0	0	0	+	0	0	+	0	0	0	+	0	0	0	-	0	-	0	0	0	0	0
fˠ	+	0	+	0	+	0	+	+	+	+	0	+	+	0	0	0	-	0	0	+	0	0	0	-	0	-	0	0	0	0	0
g	0	0	+	0	+	0	-	0	0	+	0	+	0	+	0	0	-	0	0	+	0	0	0	0	0	-	0	0	0	0	+
gǀ	+	-	0	+	+	0	-	+	+	0	0	0	0	+	0	0	0	-	0	+	0	0	0	0	0	-	0	0	0	+	+
gǁ	0	-	0	+	+	0	-	0	0	0	0	0	0	+	+	0	0	-	0	+	0	0	0	0	0	-	0	0	0	0	+
gǂ	-	-	0	+	+	0	-	+	+	0	0	0	0	+	0	0	0	-	0	+	0	0	0	0	0	-	0	0	0	0	+
gǃ	+	-	0	+	+	0	-	+	-	0	0	0	0	+	0	0	0	-	0	+	0	0	0	0	0	-	0	0	0	0	+
gǃǃ	-	-	0	+	+	0	-	+	-	0	0	0	0	+	0	0	0	-	0	+	0	0	0	0	0	-	0	0	0	0	+
gɣ	0	-	+	0	+	0	-	0	0	+	0	+	0	+	0	0	-	0	0	+	0	0	0	0	0	-	0	+	0	0	+
gʘ	0	-	0	+	+	0	-	0	0	0	0	0	+	+	0	0	0	-	0	+	0	0	0	-	0	-	0	0	0	0	+
gʰ	0	0	+	0	+	0	-	0	0	+	0	+	0	+	0	0	-	0	0	+	0	0	0	0	0	-	+	0	0	0	+
gʱ	0	0	+	0	+	0	-	0	0	+	0	+	0	+	0	0	-	0	0	+	0	0	0	0	0	-	+	0	0	0	+
gʲ	-	0	+	0	+	0	-	+	+	+	0	+	0	+	0	0	-	0	0	+	0	0	0	0	0	-	0	0	0	0	+
gʷ	0	0	+	0	+	0	-	0	0	+	0	+	+	+	0	0	-	0	0	+	0	0	0	+	0	-	0	0	0	0	+
gː	0	0	+	0	+	0	-	0	0	+	0	+	0	+	0	+	-	0	0	+	0	0	0	0	0	-	0	0	0	0	+
g̊	0	0	+	0	+	0	-	0	0	+	0	+	0	+	0	0	-	0	0	+	0	0	0	0	0	-	0	0	0	0	-
g̊ʰ	0	0	+	0	+	0	-	0	0	+	0	+	0	+	0	0	-	0	0	+	0	0	0	0	0	-	+	0	0	0	-
h	0	0	0	0	-	-	+	0	0	0	0	0	0	+	-	0	0	-	0	0	0	0	0	0	0	-	+	0	0	0	0
h̃	0	0	0	0	+	0	+	0	0	0	0	0	0	0	0	0	0	+	0	0	0	0	0	0	0	-	0	0	0	0	0
i	-	+	0	0	-	0	+	0	0	+	+	+	0	+	0	0	0	0	0	+	0	0	0	0	0	+	0	0	+	+	+
iː	-	+	0	0	-	0	+	0	0	+	+	+	0	+	0	+	0	0	0	+	0	0	0	0	0	+	0	0	+	+	+
ĩ	-	+	0	0	-	0	+	0	0	+	+	+	0	+	0	0	0	+	0	+	0	0	0	0	0	+	0	0	+	+	+
ĩː	-	+	0	0	-	0	+	0	0	+	+	+	0	+	0	+	0	+	0	+	0	0	0	0	0	+	0	0	+	+	+
i̤	-	+	0	0	-	0	+	0	0	+	+	+	0	+	0	0	0	0	0	+	0	0	0	0	0	+	+	0	+	+	+
i̥	-	+	0	0	-	0	+	0	0	+	+	+	0	+	0	0	0	0	0	+	0	0	0	0	0	+	0	0	+	+	-
j	-	0	0	0	-	0	+	+	+	0	0	0	0	+	0	0	0	0	0	+	0	0	0	0	0	+	0	0	0	0	+
jː	-	0	0	0	-	0	+	+	+	0	0	0	0	+	0	+	0	0	0	+	0	0	0	0	0	+	0	0	0	0	+
j̃	-	0	0	0	-	0	+	+	+	0	0	0	0	+	0	0	0	+	0	+	0	0	0	0	0	+	0	0	0	0	+
j̊	-	0	0	0	-	0	+	+	+	0	0	0	0	+	0	0	0	0	0	+	0	0	0	0	0	+	0	0	0	0	-
k	0	0	+	0	+	0	-	0	0	+	0	+	0	0	0	0	-	0	0	+	0	0	0	0	0	-	0	0	0	0	0
kx	0	-	+	0	+	0	-	0	0	+	0	+	0	0	0	0	-	0	0	+	0	0	0	0	0	-	0	+	0	0	0
kʰ	0	0	+	0	+	0	-	0	0	+	0	+	0	0	0	0	-	0	0	+	0	0	0	0	0	-	+	0	0	0	0
kʲ	-	0	+	0	+	0	-	+	+	+	0	+	0	0	0	0	-	0	0	+	0	0	0	0	0	-	0	0	0	0	0
kʷ	0	0	+	0	+	0	-	0	0	+	0	+	+	0	0	0	-	0	0	+	0	0	0	+	0	-	0	0	0	0	0
kʷʰ	0	0	+	0	+	0	-	0	0	+	0	+	+	0	0	0	-	0	0	+	0	0	0	+	0	-	+	0	0	0	0
kʷː	0	0	+	0	+	0	-	0	0	+	0	+	+	0	0	+	-	0	0	+	0	0	0	+	0	-	0	0	0	0	0
kʼ	0	0	+	0	+	+	-	0	0	+	0	+	0	0	0	0	-	0	0	+	0	0	0	0	0	-	0	0	0	0	0
kʼʷ	0	0	+	0	+	+	-	0	0	+	0	+	+	0	0	0	-	0	0	+	0	0	0	+	0	-	0	0	0	0	0
kː	0	0	+	0	+	0	-	0	0	+	0	+	0	0	0	+	-	0	0	+	0	0	0	0	0	-	0	0	0	0	0
k̬	0	0	+	0	+	0	-	0	0	+	0	+	0	+	0	0	-	0	0	+	0	0	0	0	0	-	0	0	0	0	+
k	0	-	+	0	+	0	-	0	0	+	0	+	0	0	+	0	-	0	0	+	0	0	0	0	0	-	0	+	0	0	0
kʼ	0	-	+	0	+	+	-	0	0	+	0	+	0	0	+	0	-	0	0	+	0	0	0	0	0	-	0	+	0	0	0
l	+	0	0	0	+	0	-	+	-	0	0	0	0	+	+	0	0	0	0	+	0	0	0	0	0	+	0	0	0	0	+
lʱ	+	0	0	0	+	0	-	+	-	0	0	0	0	+	+	0	0	0	0	+	0	0	0	0	0	+	+	0	0	0	+
lʲ	-	0	0	0	+	0	-	+	+	0	0	0	0	+	+	0	0	0	0	+	0	0	0	0	0	+	0	0	0	0	+
lː	+	0	0	0	+	0	-	+	-	0	0	0	0	+	+	+	0	0	0	+	0	0	0	0	0	+	0	0	0	0	+
lˠ	+	0	+	0	+	0	-	+	-	+	0	+	0	+	+	0	-	0	0	+	0	0	0	0	0	+	0	0	0	0	+
l̠	0	0	0	0	+	0	-	0	0	0	0	0	0	+	+	0	0	0	0	0	0	0	0	0	0	+	0	0	0	0	+
l̠ʲ	-	0	0	0	+	0	-	+	+	0	0	0	0	+	+	0	0	0	0	0	0	0	0	0	0	+	0	0	0	0	+
l̥	+	0	0	0	+	0	-	+	-	0	0	0	0	+	+	0	0	0	0	+	0	0	0	0	0	+	0	0	0	0	-
l̩	+	0	0	0	+	0	-	+	-	0	0	0	0	+	+	0	0	0	0	+	0	0	0	0	0	+	0	0	+	0	+
l̪	+	0	0	0	+	0	-	+	+	0	0	0	0	+	+	0	0	0	0	+	0	0	0	0	0	+	0	0	0	+	+
l̪ʲ	-	0	0	0	+	0	-	+	+	0	0	0	0	+	+	0	0	0	0	+	0	0	0	0	0	+	0	0	0	+	+
l̪ː	+	0	0	0	+	0	-	+	+	0	0	0	0	+	+	+	0	0	0	+	0	0	0	0	0	+	0	0	0	+	+
l̪̥	+	0	0	0	+	0	-	+	+	0	0	0	0	+	+	0	0	0	0	+	0	0	0	0	0	+	0	0	0	+	-
l̪̩	+	0	0	0	+	0	-	+	+	0	0	0	0	+	+	0	0	0	0	+	0	0	0	0	0	+	0	0	+	+	+
l̻	+	0	0	0	+	0	-	+	-	0	0	0	0	+	+	0	0	0	0	+	0	0	0	0	0	+	0	0	0	0	+
l̼	+	0	0	0	+	0	-	+	-	0	0	0	+	+	+	0	0	0	0	+	0	0	0	-	0	+	0	0	0	0	+
m	0	0	0	0	+	0	-	0	0	0	0	0	+	+	0	0	0	0	0	+	0	0	0	-	0	+	0	0	0	0	+
mʰ	0	0	0	0	+	0	-	0	0	0	0	0	+	+	0	0	0	0	0	+	0	0	0	-	0	+	+	0	0	0	+
mʱ	0	0	0	0	+	0	-	0	0	0	0	0	+	+	0	0	0	0	0	+	0	0	0	-	0	+	+	0	0	0	+
mʲ	-	0	0	0	+	0	-	+	+	0	0	0	+	+	0	0	0	0	0	+	0	0	0	-	0	+	0	0	0	0	+
mʷ	0	0	0	0	+	0	-	0	0	0	0	0	+	+	0	0	0	0	0	+	0	0	0	+	0	+	0	0	0	0	+
mʷː	0	0	0	0	+	0	-	0	0	0	0	0	+	+	0	+	0	0	0	+	0	0	0	+	0	+	0	0	0	0	+
mː	0	0	0	0	+	0	-	0	0	0	0	0	+	+	0	+	0	0	0	+	0	0	0	-	0	+	0	0	0	0	+
mˠ	0	0	+	0	+	0	-	0	0	+	0	+	+	+	0	0	-	0	0	+	0	0	0	-	0	+	0	0	0	0	+
mˤː	0	0	0	0	+	0	-	0	0	0	0	0	+	+	0	+	0	0	+	+	0	0	0	-	0	+	0	0	0	0	+
m̥	0	0	0	0	+	0	-	0	0	0	0	0	+	+	0	0	0	0	0	+	0	0	0	-	0	+	0	0	0	0	-
m̩	0	0	0	0	+	0	-	0	0	0	0	0	+	+	0	0	0	0	0	+	0	0	0	-	0	+	0	0	+	0	+
n	+	0	0	0	+	0	-	+	-	0	0	0	0	+	0	0	0	0	0	+	0	0	0	0	0	+	0	0	0	0	+
nʲ	-	0	0	0	+	0	-	+	+	0	0	0	0	+	0	0	0	0	0	+	0	0	0	0	0	+	0	0	0	0	+
nː	+	0	0	0	+	0	-	+	-	0	0	0	0	+	0	+	0	0	0	+	0	0	0	0	0	+	0	0	0	0	+
nˤ	+	0	0	0	+	0	-	+	-	0	0	0	0	+	0	0	0	0	+	+	0	0	0	0	0	+	0	0	0	0	+
n̥	+	0	0	0	+	0	-	+	-	0	0	0	0	+	0	0	0	0	0	+	0	0	0	0	0	+	0	0	0	0	-
n̩	+	0	0	0	+	0	-	+	-	0	0	0	0	+	0	0	0	0	0	+	0	0	0	0	0	+	0	0	+	0	+
n̪	+	0	0	0	+	0	-	+	+	0	0	0	0	+	0	0	0	0	0	+	0	0	0	0	0	+	0	0	0	+	+
n̪ˠ	+	0	+	0	+	0	-	+	+	+	0	+	0	+	0	0	-	0	0	+	0	0	0	0	0	+	0	0	0	+	+
n̻	+	0	0	0	+	0	-	+	-	0	0	0	0	+	0	0	0	0	0	+	0	0	0	0	0	+	0	0	0	0	+
n̼	+	0	0	0	+	0	-	+	-	0	0	0	+	+	0	0	0	0	0	+	0	0	0	-	0	+	0	0	0	0	+
o	-	+	+	0	-	0	+	0	0	+	0	0	+	+	0	0	0	0	0	+	0	0	0	+	0	+	0	0	+	+	+
oː	-	+	+	0	-	0	+	0	0	+	0	0	+	+	0	+	0	0	0	+	0	0	0	+	0	+	0	0	+	+	+
oˤ	-	+	+	0	-	0	+	0	0	+	0	0	+	+	0	0	0	0	+	+	0	0	0	+	0	+	0	0	+	+	+
õ	-	+	+	0	-	0	+	0	0	+	0	0	+	+	0	0	0	+	0	+	0	0	0	+	0	+	0	0	+	+	+
õː	-	+	+	0	-	0	+	0	0	+	0	0	+	+	0	+	0	+	0	+	0	0	0	+	0	+	0	0	+	+	+
ŏ	-	+	+	0	-	0	+	0	0	+	0	0	+	+	0	-	0	0	0	+	0	0	0	+	0	+	0	0	+	+	+
o̤	-	+	+	0	-	0	+	0	0	+	0	0	+	+	0	0	0	0	0	+	0	0	0	+	0	+	+	0	+	+	+
o̥	-	+	+	0	-	0	+	0	0	+	0	0	+	+	0	0	0	0	0	+	0	0	0	+	0	+	0	0	+	+	-
o̯	-	+	+	0	-	0	+	0	0	+	0	0	+	+	0	0	0	0	0	+	0	0	0	+	0	+	0	0	-	+	+
p	0	0	0	0	+	0	-	0	0	0	0	0	+	0	0	0	0	0	0	+	0	0	0	-	0	-	0	0	0	0	0
pf	+	-	0	0	+	0	-	+	+	0	0	0	+	0	0	0	0	0	0	+	0	0	0	-	0	-	0	+	0	0	0
pfʰ	+	-	0	0	+	0	-	+	+	0	0	0	+	0	0	0	0	0	0	+	0	0	0	-	0	-	+	+	0	0	0
pfʼ	+	-	0	0	+	+	-	+	+	0	0	0	+	0	0	0	0	0	0	+	0	0	0	-	0	-	0	+	0	0	0
pɸ	0	-	0	0	+	0	-	0	0	0	0	0	+	0	0	0	0	0	0	+	0	0	0	-	0	-	0	+	0	0	0
pʰ	0	0	0	0	+	0	-	0	0	0	0	0	+	0	0	0	0	0	0	+	0	0	0	-	0	-	+	0	0	0	0
pʰʲ	-	0	0	0	+	0	-	+	+	0	0	0	+	0	0	0	0	0	0	+	0	0	0	-	0	-	+	0	0	0	0
pʰː	0	0	0	0	+	0	-	0	0	0	0	0	+	0	0	+	0	0	0	+	0	0	0	-	0	-	+	0	0	0	0
pʲ	-	0	0	0	+	0	-	+	+	0	0	0	+	0	0	0	0	0	0	+	0	0	0	-	0	-	0	0	0	0	0
pʷ	0	0	0	0	+	0	-	0	0	0	0	0	+	0	0	0	0	0	0	+	0	0	0	+	0	-	0	0	0	0	0
pʼ	0	0	0	0	+	+	-	0	0	0	0	0	+	0	0	0	0	0	0	+	0	0	0	-	0	-	0	0	0	0	0
pː	0	0	0	0	+	0	-	0	0	0	0	0	+	0	0	+	0	0	0	+	0	0	0	-	0	-	0	0	0	0	0
pˠ	0	0	+	0	+	0	-	0	0	+	0	+	+	0	0	0	-	0	0	+	0	0	0	-	0	-	0	0	0	0	0
p̪	+	0	0	0	+	0	-	+	+	0	0	0	+	0	0	0	0	0	0	+	0	0	0	-	0	-	0	0	0	0	0
p̬	0	0	0	0	+	0	-	0	0	0	0	0	+	+	0	0	0	0	0	+	0	0	0	-	0	-	0	0	0	0	+
q	0	0	+	0	+	0	-	0	0	+	0	-	0	0	0	0	-	0	0	+	0	0	0	0	0	-	0	0	0	0	0
qʰ	0	0	+	0	+	0	-	0	0	+	0	-	0	0	0	0	-	0	0	+	0	0	0	0	0	-	+	0	0	0	0
qʷ	0	0	+	0	+	0	-	0	0	+	0	-	+	0	0	0	-	0	0	+	0	0	0	+	0	-	0	0	0	0	0
qʷʰ	0	0	+	0	+	0	-	0	0	+	0	-	+	0	0	0	-	0	0	+	0	0	0	+	0	-	+	0	0	0	0
qʼ	0	0	+	0	+	+	-	0	0	+	0	-	0	0	0	0	-	0	0	+	0	0	0	0	0	-	0	0	0	0	0
qʼʷ	0	0	+	0	+	+	-	0	0	+	0	-	+	0	0	0	-	0	0	+	0	0	0	+	0	-	0	0	0	0	0
qχ	0	-	+	0	+	0	-	0	0	+	0	-	0	0	0	0	-	0	0	+	0	0	0	0	0	-	0	+	0	0	0
r	+	+	0	0	+	0	+	+	-	0	0	0	0	+	0	0	0	0	0	+	0	0	0	0	0	+	0	0	0	0	+
rʲ	-	+	0	0	+	0	+	+	+	0	0	0	0	+	0	0	0	0	0	+	0	0	0	0	0	+	0	0	0	0	+
rː	+	+	0	0	+	0	+	+	-	0	0	0	0	+	0	+	0	0	0	+	0	0	0	0	0	+	0	0	0	0	+
rˤ	+	+	0	0	+	0	+	+	-	0	0	0	0	+	0	0	0	0	+	+	0	0	0	0	0	+	0	0	0	0	+
rˤː	+	+	0	0	+	0	+	+	-	0	0	0	0	+	0	+	0	0	+	+	0	0	0	0	0	+	0	0	0	0	+
r̃	+	+	0	0	+	0	+	+	-	0	0	0	0	+	0	0	0	+	0	+	0	0	0	0	0	+	0	0	0	0	+
r̥	+	+	0	0	+	0	+	+	-	0	0	0	0	+	0	0	0	0	0	+	0	0	0	0	0	+	0	0	0	0	-
r̩	+	+	0	0	+	0	+	+	-	0	0	0	0	+	0	0	0	0	0	+	0	0	0	0	0	+	0	0	+	0	+
r̪	+	+	0	0	+	0	+	+	+	0	0	0	0	+	0	0	0	0	0	+	0	0	0	0	0	+	0	0	0	+	+
r̪ː	+	+	0	0	+	0	+	+	+	0	0	0	0	+	0	+	0	0	0	+	0	0	0	0	0	+	0	0	0	+	+
r̪ˤ	+	+	0	0	+	0	+	+	+	0	0	0	0	+	0	0	0	0	+	+	0	0	0	0	0	+	0	0	0	+	+
r̪̥	+	+	0	0	+	0	+	+	+	0	0	0	0	+	0	0	0	0	0	+	0	0	0	0	0	+	0	0	0	+	-
r̼	+	+	0	0	+	0	+	+	-	0	0	0	+	+	0	0	0	0	0	+	0	0	0	-	0	+	0	0	0	0	+
s	+	0	0	0	+	0	+	+	-	0	0	0	0	0	0	0	0	0	0	+	0	0	0	0	+	-	0	0	0	0	0
sʲ	-	0	0	0	+	0	+	+	+	0	0	0	0	0	0	0	0	0	0	+	0	0	0	0	+	-	0	0	0	0	0
sʼ	+	0	0	0	+	+	+	+	-	0	0	0	0	0	0	0	0	0	0	+	0	0	0	0	+	-	0	0	0	0	0
sː	+	0	0	0	+	0	+	+	-	0	0	0	0	0	0	+	0	0	0	+	0	0	0	0	+	-	0	0	0	0	0
sˠ	+	0	+	0	+	0	+	+	-	+	0	+	0	0	0	0	-	0	0	+	0	0	0	0	+	-	0	0	0	0	0
s̩	+	0	0	0	+	0	+	+	-	0	0	0	0	0	0	0	0	0	0	+	0	0	0	0	+	-	0	0	+	0	0
s̪	+	0	0	0	+	0	+	+	+	0	0	0	0	0	0	0	0	0	0	+	0	0	0	0	+	-	0	0	0	+	0
s̪ʲ	-	0	0	0	+	0	+	+	+	0	0	0	0	0	0	0	0	0	0	+	0	0	0	0	+	-	0	0	0	+	0
s̪ʼ	+	0	0	0	+	+	+	+	+	0	0	0	0	0	0	0	0	0	0	+	0	0	0	0	+	-	0	0	0	+	0
s̪ˠ	+	0	+	0	+	0	+	+	+	+	0	+	0	0	0	0	-	0	0	+	0	0	0	0	+	-	0	0	0	+	0
s̬	+	0	0	0	+	0	+	+	-	0	0	0	0	+	0	0	0	0	0	+	0	0	0	0	+	-	0	0	0	0	+
s̻	+	0	0	0	+	0	+	+	-	0	0	0	0	0	0	0	0	0	0	+	0	0	0	0	+	-	0	0	0	0	0
t	+	0	0	0	+	0	-	+	-	0	0	0	0	0	0	0	0	0	0	+	0	0	0	0	0	-	0	0	0	0	0
ts	+	-	0	0	+	0	-	+	-	0	0	0	0	0	0	0	0	0	0	+	0	0	0	0	+	-	0	+	0	0	0
tsʰ	+	-	0	0	+	0	-	+	-	0	0	0	0	0	0	0	0	0	0	+	0	0	0	0	+	-	+	+	0	0	0
tsʲ	-	-	0	0	+	0	-	+	+	0	0	0	0	0	0	0	0	0	0	+	0	0	0	0	+	-	0	+	0	0	0
tsʼ	+	-	0	0	+	+	-	+	-	0	0	0	0	0	0	0	0	0	0	+	0	0	0	0	+	-	0	+	0	0	0
tsː	+	-	0	0	+	0	-	+	-	0	0	0	0	0	0	+	0	0	0	+	0	0	0	0	+	-	0	+	0	0	0
ts̪	+	-	0	0	+	0	-	+	+	0	0	0	0	0	0	0	0	0	0	+	0	0	0	0	+	-	0	+	0	+	0
ts̪ʰ	+	-	0	0	+	0	-	+	+	0	0	0	0	0	0	0	0	0	0	+	0	0	0	0	0	-	+	+	0	+	0
ts̪ʲ	-	-	0	0	+	0	-	+	+	0	0	0	0	0	0	0	0	0	0	+	0	0	0	0	+	-	0	+	0	+	0
ts̪ʼ	+	-	0	0	+	+	-	+	+	0	0	0	0	0	0	0	0	0	0	+	0	0	0	0	+	-	0	+	0	+	0
ts̪ː	+	-	0	0	+	0	-	+	+	0	0	0	0	0	0	+	0	0	0	+	0	0	0	0	+	-	0	+	0	+	0
tɕ	0	-	-	0	+	0	-	0	0	+	0	+	0	0	0	0	-	0	0	+	0	0	0	0	+	-	0	+	0	+	0
tɕʰ	0	-	-	0	+	0	-	0	0	+	0	+	0	0	0	0	-	0	0	+	0	0	0	0	+	-	+	+	0	+	0
tɕː	0	-	-	0	+	0	-	0	0	+	0	+	0	0	0	+	-	0	0	+	0	0	0	0	+	-	0	+	0	+	0
tɬ	+	-	0	0	+	0	-	+	-	0	0	0	0	0	+	0	0	0	0	+	0	0	0	0	0	-	0	+	0	0	0
tɬʰ	+	-	0	0	+	0	-	+	-	0	0	0	0	0	+	0	0	0	0	+	0	0	0	0	0	-	+	+	0	0	0
tɬʼ	+	-	0	0	+	+	-	+	-	0	0	0	0	0	+	0	0	0	0	+	0	0	0	0	0	-	0	+	0	0	0
tɬ̪	+	-	0	0	+	0	-	+	+	0	0	0	0	0	+	0	0	0	0	+	0	0	0	0	0	-	0	+	0	+	0
tɬ̪ʰ	+	-	0	0	+	0	-	+	+	0	0	0	0	0	+	0	0	0	0	+	0	0	0	0	0	-	+	+	0	+	0
tɬ̪ʼ	+	-	0	0	+	+	-	+	+	0	0	0	0	0	+	0	0	0	0	+	0	0	0	0	0	-	0	+	0	+	0
tʃ	0	-	0	0	+	0	-	0	0	0	0	0	0	0	0	0	0	0	0	0	0	0	0	0	+	-	0	+	0	0	0
tʃʰ	0	-	0	0	+	0	-	0	0	0	0	0	0	0	0	0	0	0	0	0	0	0	0	0	+	-	+	+	0	0	0
tʃʲ	-	-	0	0	+	0	-	+	+	0	0	0	0	0	0	0	0	0	0	0	0	0	0	0	+	-	0	+	0	0	0
tʃʷ	0	-	0	0	+	0	-	0	0	0	0	0	+	0	0	0	0	0	0	0	0	0	0	+	+	-	0	+	0	0	0
tʃʼ	0	-	0	0	+	+	-	0	0	0	0	0	0	0	0	0	0	0	0	0	0	0	0	0	+	-	0	+	0	0	0
tʃʼː	0	-	0	0	+	+	-	0	0	0	0	0	0	0	0	+	0	0	0	0	0	0	0	0	+	-	0	+	0	0	0
tʃː	0	-	0	0	+	0	-	0	0	0	0	0	0	0	0	+	0	0	0	0	0	0	0	0	+	-	0	+	0	0	0
tʰ	+	0	0	0	+	0	-	+	-	0	0	0	0	0	0	0	0	0	0	+	0	0	0	0	0	-	+	0	0	0	0
tʲ	-	0	0	0	+	0	-	+	+	0	0	0	0	0	0	0	0	0	0	+	0	0	0	0	0	-	0	0	0	0	0
tʲʰ	-	0	0	0	+	0	-	+	+	0	0	0	0	0	0	0	0	0	0	+	0	0	0	0	0	-	+	0	0	0	0
tʷ	+	0	0	0	+	0	-	+	-	0	0	0	+	0	0	0	0	0	0	+	0	0	0	+	0	-	0	0	0	0	0
tʷʰ	+	0	0	0	+	0	-	+	-	0	0	0	+	0	0	0	0	0	0	+	0	0	0	+	0	-	+	0	0	0	0
tʼ	+	0	0	0	+	+	-	+	-	0	0	0	0	0	0	0	0	0	0	+	0	0	0	0	0	-	0	0	0	0	0
tː	+	0	0	0	+	0	-	+	-	0	0	0	0	0	0	+	0	0	0	+	0	0	0	0	0	-	0	0	0	0	0
tˤ	+	0	0	0	+	0	-	+	-	0	0	0	0	0	0	0	0	0	+	+	0	0	0	0	0	-	0	0	0	0	0
t̠	0	0	0	0	+	0	-	0	0	0	0	0	0	0	0	0	0	0	0	0	0	0	0	0	0	-	0	0	0	0	0
t̪	+	0	0	0	+	0	-	+	+	0	0	0	0	0	0	0	0	0	0	+	0	0	0	0	0	-	0	0	0	+	0
t̪ʰ	+	0	0	0	+	0	-	+	+	0	0	0	0	0	0	0	0	0	0	+	0	0	0	0	0	-	+	0	0	+	0
t̪ʰʲ	-	0	0	0	+	0	-	+	+	0	0	0	0	0	0	0	0	0	0	+	0	0	0	0	0	-	+	0	0	+	0
t̪ʰː	+	0	0	0	+	0	-	+	+	0	0	0	0	0	0	+	0	0	0	+	0	0	0	0	0	-	+	0	0	+	0
t̪ʲ	-	0	0	0	+	0	-	+	+	0	0	0	0	0	0	0	0	0	0	+	0	0	0	0	0	-	0	0	0	+	0
t̪ʷ	+	0	0	0	+	0	-	+	+	0	0	0	+	0	0	0	0	0	0	+	0	0	0	+	0	-	0	0	0	+	0
t̪ʷʰ	+	0	0	0	+	0	-	+	+	0	0	0	+	0	0	0	0	0	0	+	0	0	0	+	0	-	+	0	0	+	0
t̪ʼ	+	0	0	0	+	+	-	+	+	0	0	0	0	0	0	0	0	0	0	+	0	0	0	0	0	-	0	0	0	+	0
t̪ː	+	0	0	0	+	0	-	+	+	0	0	0	0	0	0	+	0	0	0	+	0	0	0	0	0	-	0	0	0	+	0
t̪ˠ	+	0	+	0	+	0	-	+	+	+	0	+	0	0	0	0	-	0	0	+	0	0	0	0	0	-	0	0	0	+	0
t̪ˤ	+	0	0	0	+	0	-	+	+	0	0	0	0	0	0	0	0	0	+	+	0	0	0	0	0	-	0	0	0	+	0
t̪ⁿ	+	0	0	0	+	0	-	+	+	0	0	0	0	0	0	0	0	+	0	+	0	0	0	0	0	-	0	0	0	+	0
t̬	+	0	0	0	+	0	-	+	-	0	0	0	0	+	0	0	0	0	0	+	0	0	0	0	0	-	0	0	0	0	+
t̼	+	0	0	0	+	0	-	+	-	0	0	0	+	0	0	0	0	0	0	+	0	0	0	-	0	-	0	0	0	0	0
tθ	+	-	0	0	+	0	-	+	+	0	0	0	0	0	0	0	0	0	0	+	0	0	0	0	0	-	0	+	0	+	0
tⁿ	+	0	0	0	+	0	-	+	-	0	0	0	0	0	0	0	0	+	0	+	0	0	0	0	0	-	0	0	0	0	0
u	-	+	+	0	-	0	+	0	0	+	0	+	+	+	0	0	0	0	0	+	0	0	0	+	0	+	0	0	+	+	+
uː	-	+	+	0	-	0	+	0	0	+	0	+	+	+	0	+	0	0	0	+	0	0	0	+	0	+	0	0	+	+	+
ũ	-	+	+	0	-	0	+	0	0	+	0	+	+	+	0	0	0	+	0	+	0	0	0	+	0	+	0	0	+	+	+
ũː	-	+	+	0	-	0	+	0	0	+	0	+	+	+	0	+	0	+	0	+	0	0	0	+	0	+	0	0	+	+	+
ṳ	-	+	+	0	-	0	+	0	0	+	0	+	+	+	0	0	0	0	0	+	0	0	0	+	0	+	+	0	+	+	+
u̥	-	+	+	0	-	0	+	0	0	+	0	+	+	+	0	0	0	0	0	+	0	0	0	+	0	+	0	0	+	+	-
v	+	0	0	0	+	0	+	+	+	0	0	0	+	+	0	0	0	0	0	+	0	0	0	-	0	-	0	0	0	0	+
vʲ	-	0	0	0	+	0	+	+	+	0	0	0	+	+	0	0	0	0	0	+	0	0	0	-	0	-	0	0	0	0	+
vː	+	0	0	0	+	0	+	+	+	0	0	0	+	+	0	+	0	0	0	+	0	0	0	-	0	-	0	0	0	0	+
v̥	+	0	0	0	+	0	+	+	+	0	0	0	+	+	0	0	0	0	0	+	0	0	0	-	0	-	0	0	0	0	-
v̩	+	0	0	0	+	0	+	+	+	0	0	0	+	+	0	0	0	0	0	+	0	0	0	-	0	-	0	0	+	0	+
w	0	+	+	0	-	0	+	0	0	+	0	+	+	0	-	0	-	-	0	+	0	0	0	+	0	+	0	0	0	0	0
wː	0	0	0	0	-	0	+	0	0	0	0	0	0	+	0	+	0	0	0	0	0	0	0	0	0	+	0	0	0	0	+
w̃	0	0	0	0	-	0	+	0	0	0	0	0	0	+	0	0	0	+	0	0	0	0	0	0	0	+	0	0	0	0	+
x	0	0	+	0	+	0	+	0	0	+	0	+	0	0	0	0	-	0	0	+	0	0	0	0	0	-	0	0	0	0	0
xʲ	-	0	+	0	+	0	+	+	+	+	0	+	0	0	0	0	-	0	0	+	0	0	0	0	0	-	0	0	0	0	0
xʷ	0	0	+	0	+	0	+	0	0	+	0	+	+	0	0	0	-	0	0	+	0	0	0	+	0	-	0	0	0	0	0
xʼ	0	0	+	0	+	+	+	0	0	+	0	+	0	0	0	0	-	0	0	+	0	0	0	0	0	-	0	0	0	0	0
y	-	+	0	0	-	0	+	0	0	+	+	+	+	+	0	0	0	0	0	+	0	0	0	+	0	+	0	0	+	+	+
yː	-	+	0	0	-	0	+	0	0	+	+	+	+	+	0	+	0	0	0	+	0	0	0	+	0	+	0	0	+	+	+
ỹ	-	+	0	0	-	0	+	0	0	+	+	+	+	+	0	0	0	+	0	+	0	0	0	+	0	+	0	0	+	+	+
ỹː	-	+	0	0	-	0	+	0	0	+	+	+	+	+	0	+	0	+	0	+	0	0	0	+	0	+	0	0	+	+	+
z	+	0	0	0	+	0	+	+	-	0	0	0	0	+	0	0	0	0	0	+	0	0	0	0	+	-	0	0	0	0	+
zʲ	-	0	0	0	+	0	+	+	+	0	0	0	0	+	0	0	0	0	0	+	0	0	0	0	+	-	0	0	0	0	+
z̥	+	0	0	0	+	0	+	+	-	0	0	0	0	+	0	0	0	0	0	+	0	0	0	0	+	-	0	0	0	0	-
z̩	+	0	0	0	+	0	+	+	-	0	0	0	0	+	0	0	0	0	0	+	0	0	0	0	+	-	0	0	+	0	+
z̪	+	0	0	0	+	0	+	+	+	0	0	0	0	+	0	0	0	0	0	+	0	0	0	0	+	-	0	0	0	+	+
z̪̥	+	0	0	0	+	0	+	+	+	0	0	0	0	+	0	0	0	0	0	+	0	0	0	0	+	-	0	0	0	+	-
æ	-	+	0	0	-	0	+	0	0	+	+	0	0	+	0	0	+	0	0	+	0	0	0	0	0	+	0	0	+	-	+
æː	-	+	0	0	-	0	+	0	0	+	+	0	0	+	0	+	+	0	0	+	0	0	0	0	0	+	0	0	+	-	+
æ̃	-	+	0	0	-	0	+	0	0	+	+	0	0	+	0	0	+	+	0	+	0	0	0	0	0	+	0	0	+	-	+
æ̃ː	-	+	0	0	-	0	+	0	0	+	+	0	0	+	0	+	+	+	0	+	0	0	0	0	0	+	0	0	+	-	+
ð	+	0	0	0	+	0	+	+	+	0	0	0	0	+	0	0	0	0	0	+	0	0	0	0	0	-	0	0	0	+	+
ðː	+	0	0	0	+	0	+	+	+	0	0	0	0	+	0	+	0	0	0	+	0	0	0	0	0	-	0	0	0	+	+
ð̞	+	0	0	0	-	0	+	+	+	0	0	0	0	+	0	0	0	0	0	+	0	0	0	0	0	+	0	0	0	+	+
ð̼	+	0	0	0	+	0	+	+	-	0	0	0	+	+	0	0	0	0	0	+	0	0	0	-	0	-	0	0	0	0	+
ø	-	+	0	0	-	0	+	0	0	+	+	0	+	+	0	0	0	0	0	+	0	0	0	+	0	+	0	0	+	+	+
øː	-	+	0	0	-	0	+	0	0	+	+	0	+	+	0	+	0	0	0	+	0	0	0	+	0	+	0	0	+	+	+
ø̃	-	+	0	0	-	0	+	0	0	+	+	0	+	+	0	0	0	+	0	+	0	0	0	+	0	+	0	0	+	+	+
ø̃ː	-	+	0	0	-	0	+	0	0	+	+	0	+	+	0	+	0	+	0	+	0	0	0	+	0	+	0	0	+	+	+
ħ	0	-	0	0	+	0	+	0	0	0	0	0	0	+	0	0	0	0	+	+	0	0	0	0	0	-	0	-	0	0	-
ŋ	0	0	+	0	+	0	-	0	0	+	0	+	0	+	0	0	-	0	0	+	0	0	0	0	0	+	0	0	0	0	+
ŋǀ	+	-	0	+	+	0	-	+	+	0	0	0	0	+	0	0	0	+	0	+	0	0	0	0	0	-	0	0	0	+	+
ŋǁ	0	-	0	+	+	0	-	0	0	0	0	0	0	+	+	0	0	+	0	+	0	0	0	0	0	-	0	0	0	0	+
ŋǂ	-	-	0	+	+	0	-	+	+	0	0	0	0	+	0	0	0	+	0	+	0	0	0	0	0	-	0	0	0	0	+
ŋǃ	+	-	0	+	+	0	-	+	-	0	0	0	0	+	0	0	0	+	0	+	0	0	0	0	0	-	0	0	0	0	+
ŋǃǃ	-	-	0	+	+	0	-	+	-	0	0	0	0	+	0	0	0	+	0	+	0	0	0	0	0	-	0	0	0	0	+
ŋʘ	0	-	0	+	+	0	-	0	0	0	0	0	+	+	0	0	0	+	0	+	0	0	0	-	0	-	0	0	0	0	+
ŋʷ	0	0	+	0	+	0	-	0	0	+	0	+	+	+	0	0	-	0	0	+	0	0	0	+	0	+	0	0	0	0	+
ŋː	0	0	+	0	+	0	-	0	0	+	0	+	0	+	0	+	-	0	0	+	0	0	0	0	0	+	0	0	0	0	+
ŋ̊	0	0	+	0	+	0	-	0	0	+	0	+	0	+	0	0	-	0	0	+	0	0	0	0	0	+	0	0	0	0	-
ŋ̊ǀ	+	-	0	+	+	0	-	+	+	0	0	0	0	+	0	0	0	+	0	+	0	0	0	0	0	-	0	0	0	+	-
ŋ̊ǁ	0	-	0	+	+	0	-	0	0	0	0	0	0	+	+	0	0	+	0	+	0	0	0	0	0	-	0	0	0	0	-
ŋ̊ǂ	-	-	0	+	+	0	-	+	+	0	0	0	0	+	0	0	0	+	0	+	0	0	0	0	0	-	0	0	0	0	-
ŋ̊ǃ	+	-	0	+	+	0	-	+	-	0	0	0	0	+	0	0	0	+	0	+	0	0	0	0	0	-	0	0	0	0	-
ŋ̊ǃǃ	-	-	0	+	+	0	-	+	-	0	0	0	0	+	0	0	0	+	0	+	0	0	0	0	0	-	0	0	0	0	-
ŋ̊ʘ	0	-	0	+	+	0	-	0	0	0	0	0	+	+	0	0	0	+	0	+	0	0	0	-	0	-	0	0	0	0	-
ŋ̍	0	0	+	0	+	0	-	0	0	+	0	+	0	+	0	0	-	0	0	+	0	0	0	0	0	+	0	0	+	0	+
œ	-	+	0	0	-	0	+	0	0	+	+	0	+	+	0	0	0	0	0	+	0	0	0	+	0	+	0	0	+	-	+
œː	-	+	0	0	-	0	+	0	0	+	+	0	+	+	0	+	0	0	0	+	0	0	0	+	0	+	0	0	+	-	+
œ̃	-	+	0	0	-	0	+	0	0	+	+	0	+	+	0	0	0	+	0	+	0	0	0	+	0	+	0	0	+	-	+
œ̃ː	-	+	0	0	-	0	+	0	0	+	+	0	+	+	0	+	0	+	0	+	0	0	0	+	0	+	0	0	+	-	+
ǀ	+	-	0	+	+	0	-	+	+	0	0	0	0	0	0	0	0	-	0	+	0	0	0	0	0	-	0	0	0	+	0
ǁ	0	-	0	+	+	0	-	0	0	0	0	0	0	0	+	0	0	-	0	+	0	0	0	0	0	-	0	0	0	0	0
ǂ	-	-	0	+	+	0	-	+	+	0	0	0	0	0	0	0	0	-	0	+	0	0	0	0	0	-	0	0	0	0	0
ǃ	+	-	0	+	+	0	-	+	-	0	0	0	0	0	0	0	0	-	0	+	0	0	0	0	0	-	0	0	0	0	0
ǃǃ	-	-	0	+	+	0	-	+	-	0	0	0	0	0	0	0	0	-	0	+	0	0	0	0	0	-	0	0	0	0	0
ȡ	0	0	-	0	+	0	-	0	0	+	0	+	0	+	0	0	-	0	0	+	0	0	0	0	0	-	0	0	0	+	+
ȴ	0	0	-	0	+	0	-	0	0	+	0	+	0	+	+	0	-	0	0	+	0	0	0	0	0	+	0	0	0	+	+
ȵ	0	0	-	0	+	0	-	0	0	+	0	+	0	+	0	0	-	0	0	+	0	0	0	0	0	+	0	0	0	+	+
ȵ̊	0	0	-	0	+	0	-	0	0	+	0	+	0	+	0	0	-	0	0	+	0	0	0	0	0	+	0	0	0	+	-
ȶ	0	0	-	0	+	0	-	0	0	+	0	+	0	0	0	0	-	0	0	+	0	0	0	0	0	-	0	0	0	+	0
ɐ	-	+	0	0	-	0	+	0	0	+	0	0	0	+	0	0	+	0	0	+	0	0	0	0	0	+	0	0	+	-	+
ɐː	-	+	0	0	-	0	+	0	0	+	0	0	0	+	0	+	+	0	0	+	0	0	0	0	0	+	0	0	+	-	+
ɐ̃	-	+	0	0	-	0	+	0	0	+	0	0	0	+	0	0	+	+	0	+	0	0	0	0	0	+	0	0	+	-	+
ɐ̃ː	-	+	0	0	-	0	+	0	0	+	0	0	0	+	0	+	+	+	0	+	0	0	0	0	0	+	0	0	+	-	+
ɐ̯	-	+	0	0	-	0	+	0	0	+	0	0	0	+	0	0	+	0	0	+	0	0	0	0	0	+	0	0	-	-	+
ɑ	-	+	+	0	-	0	+	0	0	+	0	0	0	+	0	0	+	0	0	+	0	0	0	0	0	+	0	0	+	+	+
ɑː	-	+	+	0	-	0	+	0	0	+	0	0	0	+	0	+	+	0	0	+	0	0	0	0	0	+	0	0	+	+	+
ɑ̃	-	+	+	0	-	0	+	0	0	+	0	0	0	+	0	0	+	+	0	+	0	0	0	0	0	+	0	0	+	+	+
ɑ̃ː	-	+	+	0	-	0	+	0	0	+	0	0	0	+	0	+	+	+	0	+	0	0	0	0	0	+	0	0	+	+	+
ɒ	-	+	+	0	-	0	+	0	0	+	0	0	+	+	0	0	+	0	0	+	0	0	0	+	0	+	0	0	+	+	+
ɒː	-	+	+	0	-	0	+	0	0	+	0	0	+	+	0	+	+	0	0	+	0	0	0	+	0	+	0	0	+	+	+
ɒ̃	-	+	+	0	-	0	+	0	0	+	0	0	+	+	0	0	+	+	0	+	0	0	0	+	0	+	0	0	+	+	+
ɒ̃ː	-	+	+	0	-	0	+	0	0	+	0	0	+	+	0	+	+	+	0	+	0	0	0	+	0	+	0	0	+	+	+
ɓ	0	0	0	0	0	+	0	0	0	0	0	0	+	+	0	0	0	0	0	+	0	0	0	-	0	0	0	0	0	0	+
ɓʲ	-	0	0	0	0	+	0	+	+	0	0	0	+	+	0	0	0	0	0	+	0	0	0	-	0	0	0	0	0	0	+
ɔ	-	+	+	0	-	0	+	0	0	+	0	0	+	+	0	0	0	0	0	+	0	0	0	+	0	+	0	0	+	-	+
ɔː	-	+	+	0	-	0	+	0	0	+	0	0	+	+	0	+	0	0	0	+	0	0	0	+	0	+	0	0	+	-	+
ɔ̃	-	+	+	0	-	0	+	0	0	+	0	0	+	+	0	0	0	+	0	+	0	0	0	+	0	+	0	0	+	-	+
ɔ̃ː	-	+	+	0	-	0	+	0	0	+	0	0	+	+	0	+	0	+	0	+	0	0	0	+	0	+	0	0	+	-	+
ɔ̯	-	+	+	0	-	0	+	0	0	+	0	0	+	+	0	0	0	0	0	+	0	0	0	+	0	+	0	0	-	-	+
ɕ	0	0	-	0	+	0	+	0	0	+	0	+	0	0	0	0	-	0	0	+	0	0	0	0	+	-	0	0	0	+	0
ɖ	-	0	0	0	+	0	-	+	-	0	0	0	0	+	0	0	0	0	0	+	0	0	0	0	0	-	0	0	0	0	+
ɖʐ	-	-	0	0	+	0	-	+	-	0	0	0	0	+	0	0	0	0	0	+	0	0	0	0	+	-	0	+	0	0	+
ɖʱ	-	0	0	0	+	0	-	+	-	0	0	0	0	+	0	0	0	0	0	+	0	0	0	0	0	-	+	0	0	0	+
ɗ	+	0	0	0	0	+	0	+	+	0	0	0	0	+	0	0	0	0	0	+	0	0	0	0	0	0	0	0	0	+	+
ɗ̥	+	0	0	0	0	+	0	+	+	0	0	0	0	+	0	0	0	0	0	+	0	0	0	0	0	0	0	0	0	+	-
ɘ	-	+	0	0	-	0	+	0	0	+	0	0	0	+	0	0	0	0	0	+	0	0	0	0	0	+	0	0	+	+	+
ɘː	-	+	0	0	-	0	+	0	0	+	0	0	0	+	0	+	0	0	0	+	0	0	0	0	0	+	0	0	+	+	+
ɘ̃	-	+	0	0	-	0	+	0	0	+	0	0	0	+	0	0	0	+	0	+	0	0	0	0	0	+	0	0	+	+	+
ɘ̃ː	-	+	0	0	-	0	+	0	0	+	0	0	0	+	0	+	0	+	0	+	0	0	0	0	0	+	0	0	+	+	+
ə	-	+	0	0	-	0	+	0	0	+	0	0	0	+	0	0	0	0	0	+	0	0	0	0	0	+	0	0	+	-	+
ɜ	-	+	0	0	-	0	+	0	0	+	0	0	0	+	0	0	0	0	0	+	0	0	0	0	0	+	0	0	+	0	+
ɜː	-	+	0	0	-	0	+	0	0	+	0	0	0	+	0	+	0	0	0	+	0	0	0	0	0	+	0	0	+	0	+
ɜ̃	-	+	0	0	-	0	+	0	0	+	0	0	0	+	0	0	0	+	0	+	0	0	0	0	0	+	0	0	+	0	+
ɜ̃ː	-	+	0	0	-	0	+	0	0	+	0	0	0	+	0	+	0	+	0	+	0	0	0	0	0	+	0	0	+	0	+
ɞ	-	+	0	0	-	0	+	0	0	+	0	0	+	+	0	0	0	0	0	+	0	0	0	+	0	+	0	0	+	-	+
ɞː	-	+	0	0	-	0	+	0	0	+	0	0	+	+	0	+	0	0	0	+	0	0	0	+	0	+	0	0	+	-	+
ɞ̃	-	+	0	0	-	0	+	0	0	+	0	0	+	+	0	0	0	+	0	+	0	0	0	+	0	+	0	0	+	-	+
ɞ̃ː	-	+	0	0	-	0	+	0	0	+	0	0	+	+	0	+	0	+	0	+	0	0	0	+	0	+	0	0	+	-	+
ɞ̞	-	+	0	0	-	0	+	0	0	+	0	0	+	+	0	0	+	0	0	+	0	0	0	+	0	+	0	0	+	-	+
ɞ̞ː	-	+	0	0	-	0	+	0	0	+	0	0	+	+	0	+	+	0	0	+	0	0	0	+	0	+	0	0	+	-	+
ɞ̞̃	-	+	0	0	-	0	+	0	0	+	0	0	+	+	0	0	+	+	0	+	0	0	0	+	0	+	0	0	+	-	+
ɞ̞̃ː	-	+	0	0	-	0	+	0	0	+	0	0	+	+	0	+	+	+	0	+	0	0	0	+	0	+	0	0	+	-	+
ɟ	-	-	0	0	+	0	-	+	+	0	0	0	0	+	0	0	0	0	0	+	0	0	0	0	0	-	0	-	0	0	+
ɟʝ	-	-	0	0	+	0	-	+	+	0	0	0	0	+	0	0	0	0	0	+	0	0	0	0	0	-	0	+	0	0	+
ɠ	0	0	+	0	0	+	0	0	0	+	0	+	0	+	0	0	-	0	0	+	0	0	0	0	0	0	0	0	0	0	+
ɢ	0	0	+	0	+	0	-	0	0	+	0	-	0	+	0	0	-	0	0	+	0	0	0	0	0	-	0	0	0	0	+
ɢʁ	0	-	+	0	+	0	-	0	0	+	0	-	0	+	0	0	-	0	0	+	0	0	0	0	0	-	0	+	0	0	+
ɢʰ	0	0	+	0	+	0	-	0	0	+	0	-	0	+	0	0	-	0	0	+	0	0	0	0	0	-	+	0	0	0	+
ɣ	0	0	+	0	+	0	+	0	0	+	0	+	0	+	0	0	-	0	0	+	0	0	0	0	0	-	0	0	0	0	+
ɣʷ	0	0	+	0	+	0	+	0	0	+	0	+	+	+	0	0	-	0	0	+	0	0	0	+	0	-	0	0	0	0	+
ɣ̊	0	0	+	0	+	0	+	0	0	+	0	+	0	+	0	0	-	0	0	+	0	0	0	0	0	-	0	0	0	0	-
ɤ	-	+	+	0	-	0	+	0	0	+	0	0	0	+	0	0	0	0	0	+	0	0	0	0	0	+	0	0	+	+	+
ɤː	-	+	+	0	-	0	+	0	0	+	0	0	0	+	0	+	0	0	0	+	0	0	0	0	0	+	0	0	+	+	+
ɤ̃	-	+	+	0	-	0	+	0	0	+	0	0	0	+	0	0	0	+	0	+	0	0	0	0	0	+	0	0	+	+	+
ɤ̃ː	-	+	+	0	-	0	+	0	0	+	0	0	0	+	0	+	0	+	0	+	0	0	0	0	0	+	0	0	+	+	+
ɤ̆	-	+	+	0	-	0	+	0	0	+	0	0	0	+	0	-	0	0	0	+	0	0	0	0	0	+	0	0	+	+	+
ɤ̯	-	+	+	0	-	0	+	0	0	+	0	0	0	+	0	0	0	0	0	+	0	0	0	0	0	+	0	0	-	+	+
ɥ	-	0	0	0	-	0	+	+	+	0	0	0	+	+	0	0	0	0	0	+	0	0	0	-	0	+	0	0	0	0	+
ɦ	0	0	0	0	+	0	+	0	0	0	0	0	0	+	0	0	0	0	0	0	0	0	0	0	0	-	0	0	0	0	+
ɧ	0	0	0	0	+	0	+	0	0	0	0	0	0	0	0	0	0	0	0	0	0	0	0	0	0	-	0	0	0	0	0
ɨ	-	+	0	0	-	0	+	0	0	+	0	+	0	+	0	0	0	0	0	+	0	0	0	0	0	+	0	0	+	+	+
ɨː	-	+	0	0	-	0	+	0	0	+	0	+	0	+	0	+	0	0	0	+	0	0	0	0	0	+	0	0	+	+	+
ɨ̃	-	+	0	0	-	0	+	0	0	+	0	+	0	+	0	0	0	+	0	+	0	0	0	0	0	+	0	0	+	+	+
ɨ̃ː	-	+	0	0	-	0	+	0	0	+	0	+	0	+	0	+	0	+	0	+	0	0	0	0	0	+	0	0	+	+	+
ɪ	-	+	0	0	-	0	+	0	0	+	+	+	0	+	0	0	0	0	0	+	0	0	0	0	0	+	0	0	+	-	+
ɪː	-	+	0	0	-	0	+	0	0	+	+	+	0	+	0	+	0	0	0	+	0	0	0	0	0	+	0	0	+	-	+
ɪ̃	-	+	0	0	-	0	+	0	0	+	+	+	0	+	0	0	0	+	0	+	0	0	0	0	0	+	0	0	+	-	+
ɪ̃ː	-	+	0	0	-	0	+	0	0	+	+	+	0	+	0	+	0	+	0	+	0	0	0	0	0	+	0	0	+	-	+
ɪ̈	-	+	0	0	-	0	+	0	0	+	0	+	0	+	0	0	0	0	0	+	0	0	0	0	0	+	0	0	+	-	+
ɪ̈ː	-	+	0	0	-	0	+	0	0	+	0	+	0	+	0	+	0	0	0	+	0	0	0	0	0	+	0	0	+	-	+
ɪ̈̃	-	+	0	0	-	0	+	0	0	+	0	+	0	+	0	0	0	+	0	+	0	0	0	0	0	+	0	0	+	-	+
ɪ̈̃ː	-	+	0	0	-	0	+	0	0	+	0	+	0	+	0	+	0	+	0	+	0	0	0	0	0	+	0	0	+	-	+
ɪ̥	-	+	0	0	-	0	+	0	0	+	+	+	0	+	0	0	0	0	0	+	0	0	0	0	0	+	0	0	+	-	-
ɪ̯	-	+	0	0	-	0	+	0	0	+	+	+	0	+	0	0	0	0	0	+	0	0	0	0	0	+	0	0	-	-	+
ɬ	+	0	0	0	+	0	+	+	-	0	0	0	0	0	+	0	0	0	0	+	0	0	0	0	0	-	0	0	0	0	0
ɬʼ	+	0	0	0	+	+	+	+	-	0	0	0	0	0	+	0	0	0	0	+	0	0	0	0	0	-	0	0	0	0	0
ɬ̪	+	0	0	0	+	0	+	+	+	0	0	0	0	0	+	0	0	0	0	+	0	0	0	0	0	-	0	0	0	+	0
ɬ̪ʼ	+	0	0	0	+	+	+	+	+	0	0	0	0	0	+	0	0	0	0	+	0	0	0	0	0	-	0	0	0	+	0
ɬ̼	+	0	0	0	+	0	+	+	-	0	0	0	+	0	+	0	0	0	0	+	0	0	0	-	0	-	0	0	0	0	0
ɭ	-	0	0	0	+	0	-	+	-	0	0	0	0	+	+	0	0	0	0	+	0	0	0	0	0	+	0	0	0	0	+
ɭ̊	-	0	0	0	+	0	-	+	-	0	0	0	0	+	+	0	0	0	0	+	0	0	0	0	0	+	0	0	0	0	-
ɭ̩	-	0	0	0	+	0	-	+	-	0	0	0	0	+	+	0	0	0	0	+	0	0	0	0	0	+	0	0	+	0	+
ɮ	+	0	0	0	+	0	+	+	-	0	0	0	0	+	+	0	0	0	0	+	0	0	0	0	0	-	0	0	0	0	+
ɮ̼	+	0	0	0	+	0	+	+	-	0	0	0	+	+	+	0	0	0	0	+	0	0	0	-	0	-	0	0	0	0	+
ɯ	-	+	+	0	-	0	+	0	0	+	0	+	0	+	0	0	0	0	0	+	0	0	0	0	0	+	0	0	+	+	+
ɯː	-	+	+	0	-	0	+	0	0	+	0	+	0	+	0	+	0	0	0	+	0	0	0	0	0	+	0	0	+	+	+
ɯ̃	-	+	+	0	-	0	+	0	0	+	0	+	0	+	0	0	0	+	0	+	0	0	0	0	0	+	0	0	+	+	+
ɯ̃ː	-	+	+	0	-	0	+	0	0	+	0	+	0	+	0	+	0	+	0	+	0	0	0	0	0	+	0	0	+	+	+
ɯ̤	-	+	+	0	-	0	+	0	0	+	0	+	0	+	0	0	0	0	0	+	0	0	0	0	0	+	+	0	+	+	+
ɯ̥	-	+	+	0	-	0	+	0	0	+	0	+	0	+	0	0	0	0	0	+	0	0	0	0	0	+	0	0	+	+	-
ɯ̥̃	-	+	+	0	-	0	+	0	0	+	0	+	0	+	0	0	0	+	0	+	0	0	0	0	0	+	0	0	+	+	-
ɯ̯	-	+	+	0	-	0	+	0	0	+	0	+	0	+	0	0	0	0	0	+	0	0	0	0	0	+	0	0	-	+	+
ɯ̽	-	+	+	0	-	0	+	0	0	+	0	+	0	+	0	0	0	0	0	+	0	0	0	0	0	+	0	0	+	-	+
ɯ̽ː	-	+	+	0	-	0	+	0	0	+	0	+	0	+	0	+	0	0	0	+	0	0	0	0	0	+	0	0	+	-	+
ɯ̽̃	-	+	+	0	-	0	+	0	0	+	0	+	0	+	0	0	0	+	0	+	0	0	0	0	0	+	0	0	+	-	+
ɯ̽̃ː	-	+	+	0	-	0	+	0	0	+	0	+	0	+	0	+	0	+	0	+	0	0	0	0	0	+	0	0	+	-	+
ɰ	0	+	+	0	-	0	+	0	0	+	0	+	0	+	-	0	-	-	0	+	0	0	0	0	0	+	0	0	0	0	+
ɱ	+	0	0	0	+	0	-	+	+	0	0	0	+	+	0	0	0	0	0	+	0	0	0	-	0	+	0	0	0	0	+
ɱ̊	+	0	0	0	+	0	-	+	+	0	0	0	+	+	0	0	0	0	0	+	0	0	0	-	0	+	0	0	0	0	-
ɲ	-	-	0	0	+	0	-	+	+	0	0	0	0	0	-	0	0	+	0	+	0	0	0	0	0	+	0	0	0	0	0
ɲː	-	0	0	0	+	0	-	+	+	0	0	0	0	+	0	+	0	0	0	+	0	0	0	0	0	+	0	0	0	0	+
ɲ̊	-	0	0	0	+	0	-	+	+	0	0	0	0	+	0	0	0	0	0	+	0	0	0	0	0	+	0	0	0	0	-
ɲ̍	-	0	0	0	+	0	-	+	+	0	0	0	0	+	0	0	0	0	0	+	0	0	0	0	0	+	0	0	+	0	+
ɳ	-	0	0	0	+	0	-	+	-	0	0	0	0	+	0	0	0	0	0	+	0	0	0	0	0	+	0	0	0	0	+
ɳ̊	-	0	0	0	+	0	-	+	-	0	0	0	0	+	0	0	0	0	0	+	0	0	0	0	0	+	0	0	0	0	-
ɳ̍	-	0	0	0	+	0	-	+	-	0	0	0	0	+	0	0	0	0	0	+	0	0	0	0	0	+	0	0	+	0	+
ɴ	0	0	+	0	+	0	-	0	0	+	0	-	0	+	0	0	-	0	0	+	0	0	0	0	0	+	0	0	0	0	+
ɴ̥	0	0	+	0	+	0	-	0	0	+	0	-	0	+	0	0	-	0	0	+	0	0	0	0	0	+	0	0	0	0	-
ɴ̩	0	0	+	0	+	0	-	0	0	+	0	-	0	+	0	0	-	0	0	+	0	0	0	0	0	+	0	0	+	0	+
ɵ	-	+	0	0	-	0	+	0	0	+	0	0	+	+	0	0	0	0	0	+	0	0	0	+	0	+	0	0	+	+	+
ɵː	-	+	0	0	-	0	+	0	0	+	0	0	+	+	0	+	0	0	0	+	0	0	0	+	0	+	0	0	+	+	+
ɵ̃	-	+	0	0	-	0	+	0	0	+	0	0	+	+	0	0	0	+	0	+	0	0	0	+	0	+	0	0	+	+	+
ɵ̃ː	-	+	0	0	-	0	+	0	0	+	0	0	+	+	0	+	0	+	0	+	0	0	0	+	0	+	0	0	+	+	+
ɶ	-	+	0	0	-	0	+	0	0	+	+	0	+	+	0	0	+	0	0	+	0	0	0	+	0	+	0	0	+	+	+
ɶː	-	+	0	0	-	0	+	0	0	+	+	0	+	+	0	+	+	0	0	+	0	0	0	+	0	+	0	0	+	+	+
ɶ̃	-	+	0	0	-	0	+	0	0	+	+	0	+	+	0	0	+	+	0	+	0	0	0	+	0	+	0	0	+	+	+
ɶ̃ː	-	+	0	0	-	0	+	0	0	+	+	0	+	+	0	+	+	+	0	+	0	0	0	+	0	+	0	0	+	+	+
ɸ	0	0	0	0	+	0	+	0	0	0	0	0	+	0	0	0	0	0	0	+	0	0	0	-	0	-	0	0	0	0	0
ɹ	+	0	0	0	-	0	+	+	-	0	0	0	0	+	0	0	0	0	0	+	0	0	0	0	0	+	0	0	0	0	+
ɹ̠	0	0	0	0	-	0	+	0	0	0	0	0	0	+	0	0	0	0	0	0	0	0	0	0	0	+	0	0	0	0	+
ɹ̩	+	0	0	0	-	0	+	+	-	0	0	0	0	+	0	0	0	0	0	+	0	0	0	0	0	+	0	0	+	0	+
ɺ	+	+	0	0	+	0	-	+	-	0	0	0	0	+	+	0	0	0	0	+	0	0	0	0	0	+	0	0	0	0	+
ɻ	-	0	0	0	-	0	+	+	-	0	0	0	0	+	0	0	0	0	0	+	0	0	0	0	0	+	0	0	0	0	+
ɽ	-	+	0	0	+	0	-	+	-	0	0	0	0	+	0	0	0	0	0	+	0	0	0	0	0	+	0	0	0	0	+
ɽʱ	-	+	0	0	+	0	-	+	-	0	0	0	0	+	0	0	0	0	0	+	0	0	0	0	0	+	+	0	0	0	+
ɾ	+	+	0	0	+	0	-	+	-	0	0	0	0	+	0	0	0	0	0	+	0	0	0	0	0	+	0	0	0	0	+
ɾ̥	+	+	0	0	+	0	-	+	-	0	0	0	0	+	0	0	0	0	0	+	0	0	0	0	0	+	0	0	0	0	-
ɾ̼	+	+	0	0	+	0	-	+	-	0	0	0	+	+	0	0	0	0	0	+	0	0	0	-	0	+	0	0	0	0	+
ɿ	-	+	+	0	-	0	+	0	0	+	0	+	0	+	0	0	0	0	0	+	0	0	0	0	0	+	0	+	+	+	+
ʀ	0	+	+	0	+	0	+	0	0	+	0	-	0	+	0	0	-	0	0	+	0	0	0	0	0	+	0	0	0	0	+
ʀ̥	0	+	+	0	+	0	+	0	0	+	0	-	0	+	0	0	-	0	0	+	0	0	0	0	0	+	0	0	0	0	-
ʁ	0	0	+	0	+	0	+	0	0	+	0	-	0	+	0	0	-	0	0	+	0	0	0	0	0	-	0	0	0	0	+
ʁ̞	0	0	+	0	-	0	+	0	0	+	0	-	0	+	0	0	-	0	0	+	0	0	0	0	0	+	0	0	0	0	+
ʁ̥	0	0	+	0	+	0	+	0	0	+	0	-	0	+	0	0	-	0	0	+	0	0	0	0	0	-	0	0	0	0	-
ʂ	-	0	0	0	+	0	+	+	-	0	0	0	0	0	0	0	0	0	0	+	0	0	0	0	+	-	0	0	0	0	0
ʃ	0	0	0	0	+	0	+	0	0	0	0	0	0	0	0	0	0	0	0	0	0	0	0	0	+	-	0	0	0	0	0
ʃʲ	-	0	0	0	+	0	+	+	+	0	0	0	0	0	0	0	0	0	0	0	0	0	0	0	+	-	0	0	0	0	0
ʃʼ	0	0	0	0	+	+	+	0	0	0	0	0	0	0	0	0	0	0	0	0	0	0	0	0	+	-	0	0	0	0	0
ʄ	-	0	0	0	0	+	0	+	+	0	0	0	0	+	0	0	0	0	0	+	0	0	0	0	0	0	0	0	0	0	+
ʅ	-	+	0	0	-	0	+	0	0	+	0	+	0	+	0	0	0	0	0	+	0	0	0	0	0	+	0	+	+	+	+
ʇ̼	+	-	0	+	+	0	-	+	-	0	0	0	+	+	0	0	0	-	0	+	0	0	0	-	0	-	0	0	0	0	+
ʈ	-	0	0	0	+	0	-	+	-	0	0	0	0	0	0	0	0	0	0	+	0	0	0	0	0	-	0	0	0	0	0
ʈʂ	-	-	0	0	+	0	-	+	-	0	0	0	0	0	0	0	0	0	0	+	0	0	0	0	+	-	0	+	0	0	0
ʈʂʰ	-	-	0	0	+	0	-	+	-	0	0	0	0	0	0	0	0	0	0	+	0	0	0	0	+	-	+	+	0	0	0
ʈʂː	-	-	0	0	+	0	-	+	-	0	0	0	0	+	0	+	0	0	0	+	0	0	0	0	+	-	0	+	0	0	+
ʈʂ’	-	-	0	0	+	+	-	+	-	0	0	0	0	0	0	0	0	0	0	+	0	0	0	0	+	-	0	+	0	0	0
ʈʰ	-	0	0	0	+	0	-	+	-	0	0	0	0	0	0	0	0	0	0	+	0	0	0	0	0	-	+	0	0	0	0
ʈʰː	-	0	0	0	+	0	-	+	-	0	0	0	0	0	0	+	0	0	0	+	0	0	0	0	0	-	+	0	0	0	0
ʉ	-	+	0	0	-	0	+	0	0	+	0	+	+	+	0	0	0	0	0	+	0	0	0	+	0	+	0	0	+	+	+
ʉː	-	+	0	0	-	0	+	0	0	+	0	+	+	+	0	+	0	0	0	+	0	0	0	+	0	+	0	0	+	+	+
ʉ̃	-	+	0	0	-	0	+	0	0	+	0	+	+	+	0	0	0	+	0	+	0	0	0	+	0	+	0	0	+	+	+
ʉ̃ː	-	+	0	0	-	0	+	0	0	+	0	+	+	+	0	+	0	+	0	+	0	0	0	+	0	+	0	0	+	+	+
ʊ	-	+	+	0	-	0	+	0	0	+	0	+	+	+	0	0	0	0	0	+	0	0	0	+	0	+	0	0	+	-	+
ʊː	-	+	+	0	-	0	+	0	0	+	0	+	+	+	0	+	0	0	0	+	0	0	0	+	0	+	0	0	+	-	+
ʊ̃	-	+	+	0	-	0	+	0	0	+	0	+	+	+	0	0	0	+	0	+	0	0	0	+	0	+	0	0	+	-	+
ʊ̃ː	-	+	+	0	-	0	+	0	0	+	0	+	+	+	0	+	0	+	0	+	0	0	0	+	0	+	0	0	+	-	+
ʊ̈	-	+	0	0	-	0	+	0	0	+	0	+	+	+	0	0	0	0	0	+	0	0	0	+	0	+	0	0	+	-	+
ʊ̈ː	-	+	0	0	-	0	+	0	0	+	0	+	+	+	0	+	0	0	0	+	0	0	0	+	0	+	0	0	+	-	+
ʊ̈̃	-	+	0	0	-	0	+	0	0	+	0	+	+	+	0	0	0	+	0	+	0	0	0	+	0	+	0	0	+	-	+
ʊ̈̃ː	-	+	0	0	-	0	+	0	0	+	0	+	+	+	0	+	0	+	0	+	0	0	0	+	0	+	0	0	+	-	+
ʊ̥	-	+	+	0	-	0	+	0	0	+	0	+	+	+	0	0	0	0	0	+	0	0	0	+	0	+	0	0	+	-	-
ʊ̯	-	+	+	0	-	0	+	0	0	+	0	+	+	+	0	0	0	0	0	+	0	0	0	+	0	+	0	0	-	-	+
ʋ	+	0	0	0	-	0	+	+	+	0	0	0	+	+	0	0	0	0	0	+	0	0	0	-	0	+	0	0	0	0	+
ʌ	-	+	+	0	-	0	+	0	0	+	0	0	0	+	0	0	0	0	0	+	0	0	0	0	0	+	0	0	+	-	+
ʌː	-	+	+	0	-	0	+	0	0	+	0	0	0	+	0	+	0	0	0	+	0	0	0	0	0	+	0	0	+	-	+
ʌ̃	-	+	+	0	-	0	+	0	0	+	0	0	0	+	0	0	0	+	0	+	0	0	0	0	0	+	0	0	+	-	+
ʌ̃ː	-	+	+	0	-	0	+	0	0	+	0	0	0	+	0	+	0	+	0	+	0	0	0	0	0	+	0	0	+	-	+
ʌ̆	-	+	+	0	-	0	+	0	0	+	0	0	0	+	0	-	0	0	0	+	0	0	0	0	0	+	0	0	+	-	+
ʌ̤	-	+	+	0	-	0	+	0	0	+	0	0	0	+	0	0	0	0	0	+	0	0	0	0	0	+	+	0	+	-	+
ʌ̤̃	-	+	+	0	-	0	+	0	0	+	0	0	0	+	0	0	0	+	0	+	0	0	0	0	0	+	+	0	+	-	+
ʌ̯ː	-	+	+	0	-	0	+	0	0	+	0	0	0	+	0	+	0	0	0	+	0	0	0	0	0	+	0	0	-	-	+
ʍ	0	0	0	0	-	0	+	0	0	0	0	0	0	0	0	0	0	0	0	0	0	0	0	0	0	+	0	0	0	0	0
ʎ	-	+	0	0	+	0	-	+	+	0	0	0	0	0	+	0	0	-	0	+	0	0	0	0	0	+	0	0	0	0	0
ʎ̥	-	0	0	0	+	0	-	+	+	0	0	0	0	+	+	0	0	0	0	+	0	0	0	0	0	+	0	0	0	0	-
ʏ	-	+	0	0	-	0	+	0	0	+	+	+	+	+	0	0	0	0	0	+	0	0	0	+	0	+	0	0	+	-	+
ʏː	-	+	0	0	-	0	+	0	0	+	+	+	+	+	0	+	0	0	0	+	0	0	0	+	0	+	0	0	+	-	+
ʏ̃	-	+	0	0	-	0	+	0	0	+	+	+	+	+	0	0	0	+	0	+	0	0	0	+	0	+	0	0	+	-	+
ʏ̃ː	-	+	0	0	-	0	+	0	0	+	+	+	+	+	0	+	0	+	0	+	0	0	0	+	0	+	0	0	+	-	+
ʐ	-	0	0	0	+	0	+	+	-	0	0	0	0	+	0	0	0	0	0	+	0	0	0	0	+	-	0	0	0	0	+
ʑ	0	0	-	0	+	0	+	0	0	+	0	+	0	+	0	0	-	0	0	+	0	0	0	0	+	-	0	0	0	+	+
ʒ	0	0	0	0	+	0	+	0	0	0	0	0	0	+	0	0	0	0	0	0	0	0	0	0	+	-	0	0	0	0	+
ʒ̊	0	0	0	0	+	0	+	0	0	0	0	0	0	+	0	0	0	0	0	0	0	0	0	0	+	-	0	0	0	0	-
ʒ̍	0	0	0	0	+	0	+	0	0	0	0	0	0	+	0	0	0	0	0	0	0	0	0	0	+	-	0	0	+	0	+
ʔ	0	0	0	0	-	+	-	0	0	0	0	0	0	+	-	0	0	-	0	0	0	0	0	0	0	-	-	0	0	0	0
ʔh	0	-	0	0	+	0	-	0	0	0	0	0	0	0	0	0	0	0	0	0	0	0	0	0	0	-	0	+	0	0	0
ʔʲ	-	0	0	0	+	0	-	+	+	0	0	0	0	0	0	0	0	0	0	0	0	0	0	0	0	-	0	0	0	0	0
ʔʷ	0	0	0	0	+	0	-	0	0	0	0	0	+	0	0	0	0	0	0	0	0	0	0	+	0	-	0	0	0	0	0
ʕ	0	-	0	0	+	0	+	0	0	0	0	0	0	+	0	0	0	0	+	+	0	0	0	0	0	-	0	-	0	0	+
ʘ	0	-	0	+	+	0	-	0	0	0	0	0	+	0	0	0	0	-	0	+	0	0	0	-	0	-	0	0	0	0	0
ʙ	0	+	0	0	+	0	+	0	0	0	0	0	+	+	0	0	0	0	0	+	0	0	0	-	0	+	0	0	0	0	+
ʙ̥	0	+	0	0	+	0	+	0	0	0	0	0	+	+	0	0	0	0	0	+	0	0	0	-	0	+	0	0	0	0	-
ʙ̩	0	+	0	0	+	0	+	0	0	0	0	0	+	+	0	0	0	0	0	+	0	0	0	-	0	+	0	0	+	0	+
ʛ	0	0	+	0	0	+	0	0	0	+	0	-	0	+	0	0	-	0	0	+	0	0	0	0	0	0	0	0	0	0	+
ʛ̥	0	0	+	0	0	+	0	0	0	+	0	-	0	0	0	0	-	0	0	+	0	0	0	0	0	0	0	0	0	0	0
ʜ	0	+	0	0	+	0	+	0	0	0	0	0	0	+	-	0	0	-	+	+	0	0	0	0	0	+	0	0	0	0	-
ʝ	-	-	0	0	+	0	+	+	+	0	0	0	0	+	0	0	0	0	0	+	0	0	0	0	0	-	0	-	0	0	+
ʟ	0	0	+	0	+	0	-	0	0	+	0	+	0	+	+	0	-	0	0	+	0	0	0	0	0	+	0	0	0	0	+
ʟ̥	0	0	+	0	+	0	-	0	0	+	0	+	0	+	+	0	-	0	0	+	0	0	0	0	0	+	0	0	0	0	-
ʡ	0	-	0	0	+	0	-	0	0	0	0	0	0	+	0	0	0	0	+	+	0	0	0	0	0	-	0	-	0	0	-
ʢ	0	+	0	0	+	0	+	0	0	0	0	0	0	+	-	0	0	-	+	+	0	0	0	0	0	+	0	0	0	0	+
ʮ	-	+	+	0	-	0	+	0	0	+	0	+	+	+	0	0	0	0	0	+	0	0	0	+	0	+	0	+	+	+	+
ʯ	-	+	0	0	-	0	+	0	0	+	0	+	+	+	0	0	0	0	0	+	0	0	0	+	0	+	0	+	+	+	+
ʰk	0	0	+	0	+	0	-	0	0	+	0	+	0	0	0	0	-	0	0	+	+	0	0	0	0	-	0	0	0	0	0
ʰp	0	0	0	0	+	0	-	0	0	0	0	0	+	0	0	0	0	0	0	+	+	0	0	-	0	-	0	0	0	0	0
ʰt	+	0	0	0	+	0	-	+	-	0	0	0	0	0	0	0	0	0	0	+	+	0	0	0	0	-	0	0	0	0	0
ʰtʰ	+	0	0	0	+	0	-	+	-	0	0	0	0	0	0	0	0	0	0	+	+	0	0	0	0	-	+	0	0	0	0
ʰt̪	+	0	0	0	+	0	-	+	+	0	0	0	0	0	0	0	0	0	0	+	+	0	0	0	0	-	0	0	0	+	0
ʰt̪ʰ	+	0	0	0	+	0	-	+	+	0	0	0	0	0	0	0	0	0	0	+	+	0	0	0	0	-	+	0	0	+	0
ˀŋǀ	+	-	0	+	+	0	-	+	+	0	0	0	0	+	0	0	0	+	0	+	0	+	0	0	0	-	0	0	0	+	+
ˀŋǁ	0	-	0	+	+	0	-	0	0	0	0	0	0	+	+	0	0	+	0	+	0	+	0	0	0	-	0	0	0	0	+
ˀŋǂ	-	-	0	+	+	0	-	+	+	0	0	0	0	+	0	0	0	+	0	+	0	+	0	0	0	-	0	0	0	0	+
ˀŋǃ	+	-	0	+	+	0	-	+	-	0	0	0	0	+	0	0	0	+	0	+	0	+	0	0	0	-	0	0	0	0	+
ˀŋǃǃ	-	-	0	+	+	0	-	+	-	0	0	0	0	+	0	0	0	+	0	+	0	+	0	0	0	-	0	0	0	0	+
ˀŋʘ	0	-	0	+	+	0	-	0	0	0	0	0	+	+	0	0	0	+	0	+	0	+	0	-	0	-	0	0	0	0	+
β	0	0	0	0	+	0	+	0	0	0	0	0	+	+	0	0	0	0	0	+	0	0	0	-	0	-	0	0	0	0	+
βʷ	0	0	0	0	+	0	+	0	0	0	0	0	+	+	0	0	0	0	0	+	0	0	0	+	0	-	0	0	0	0	+
β̞	0	0	0	0	-	0	+	0	0	0	0	0	+	+	0	0	0	0	0	+	0	0	0	-	0	+	0	0	0	0	+
θ	+	0	0	0	+	0	+	+	+	0	0	0	0	0	0	0	0	0	0	+	0	0	0	0	0	-	0	0	0	+	0
θː	+	0	0	0	+	0	+	+	+	0	0	0	0	0	0	+	0	0	0	+	0	0	0	0	0	-	0	0	0	+	0
θ̬	+	0	0	0	+	0	+	+	+	0	0	0	0	+	0	0	0	0	0	+	0	0	0	0	0	-	0	0	0	+	+
θ̼	+	0	0	0	+	0	+	+	-	0	0	0	+	0	0	0	0	0	0	+	0	0	0	-	0	-	0	0	0	0	0
χ	0	0	+	0	+	0	+	0	0	+	0	-	0	0	0	0	-	0	0	+	0	0	0	0	0	-	0	0	0	0	0
χʷ	0	0	+	0	+	0	+	0	0	+	0	-	+	0	0	0	-	0	0	+	0	0	0	+	0	-	0	0	0	0	0
χʼ	0	0	+	0	+	+	+	0	0	+	0	-	0	0	0	0	-	0	0	+	0	0	0	0	0	-	0	0	0	0	0
ᶑ	-	0	0	0	0	+	0	+	-	0	0	0	0	+	0	0	0	0	0	+	0	0	0	0	0	0	0	0	0	0	+
ⁿb	0	0	0	0	+	0	-	0	0	0	0	0	+	+	0	0	0	0	0	+	0	0	+	-	0	-	0	0	0	0	+
ⁿd	+	0	0	0	+	0	-	+	-	0	0	0	0	+	0	0	0	0	0	+	0	0	+	0	0	-	0	0	0	0	+
ⁿdʒ	0	-	0	0	+	0	-	0	0	0	0	0	0	+	0	0	0	0	0	0	0	0	+	0	0	-	0	+	0	0	+
ⁿd̪	+	0	0	0	+	0	-	+	+	0	0	0	0	+	0	0	0	0	0	+	0	0	+	0	0	-	0	0	0	+	+
ⁿd̼	+	0	0	0	+	0	-	+	-	0	0	0	+	+	0	0	0	0	0	+	0	0	+	-	0	-	0	0	0	0	+
ⁿg	0	0	+	0	+	0	-	0	0	+	0	+	0	+	0	0	-	0	0	+	0	0	+	0	0	-	0	0	0	0	+
ⁿgǀ	+	-	0	+	+	0	-	+	+	0	0	0	0	+	0	0	0	-	0	+	0	0	+	0	0	-	0	0	0	+	+
ⁿgǁ	0	-	0	+	+	0	-	0	0	0	0	0	0	+	+	0	0	-	0	+	0	0	+	0	0	-	0	0	0	0	+
ⁿgǂ	-	-	0	+	+	0	-	+	+	0	0	0	0	+	0	0	0	-	0	+	0	0	+	0	0	-	0	0	0	0	+
ⁿgǃ	+	-	0	+	+	0	-	+	-	0	0	0	0	+	0	0	0	+	0	+	0	0	+	0	0	-	0	0	0	0	+
ⁿgǃǃ	-	-	0	+	+	0	-	+	-	0	0	0	0	+	0	0	0	-	0	+	0	0	+	0	0	-	0	0	0	0	+
ⁿgʘ	0	-	0	+	+	0	-	0	0	0	0	0	+	+	0	0	0	-	0	+	0	0	+	-	0	-	0	0	0	0	+
ⁿk	0	0	+	0	+	0	-	0	0	+	0	+	0	0	0	0	-	0	0	+	0	0	+	0	0	-	0	0	0	0	0
ⁿkʷ	0	0	+	0	+	0	-	0	0	+	0	+	+	0	0	0	-	0	0	+	0	0	+	+	0	-	0	0	0	0	0
ⁿp	0	0	0	0	+	0	-	0	0	0	0	0	+	0	0	0	0	0	0	+	0	0	+	-	0	-	0	0	0	0	0
ⁿt	+	0	0	0	+	0	-	+	-	0	0	0	0	0	0	0	0	0	0	+	0	0	+	0	0	-	0	0	0	0	0
ⁿtʃ	0	-	0	0	+	0	-	0	0	0	0	0	0	0	0	0	0	0	0	0	0	0	+	0	+	-	0	+	0	0	0
ⁿt̪	+	0	0	0	+	0	-	+	+	0	0	0	0	0	0	0	0	0	0	+	0	0	+	0	0	-	0	0	0	+	0
ⁿɟ	-	0	0	0	+	0	-	+	+	0	0	0	0	+	0	0	0	0	0	+	0	0	+	0	0	-	0	0	0	0	+
ⱱ	+	+	0	0	+	0	-	+	+	0	0	0	+	+	0	0	0	0	0	+	0	0	0	-	0	+	0	0	0	0	+
